suffix	time	taxid	refseq	description	rclass	aclass	ID	Hdepth	HdepthR	cov2	nregions	Rsize	Pval	ngaps	Gdist	Gsize
child_0-0	46	159150	NC_018463.1	Shamonda orthobunyavirus	True	False	total	1.7810140237324703	25.796875	7.011866235167206	1	1.0	0.0	2	65.0	1.0
child_0-0	46	159150	NC_018463.1	Shamonda orthobunyavirus	True	False	NC_018464:NC_018464;	1.7810140237324703	25.796875	7.011866235167206	1	1.0	0.0	2	65.0	1.0
child_0-0	46	67082	NC_032111.1	BeAn 58058 virus strain=BeAn58058	True	False	total	0.0408576424036072	22.41077441077441	0.1846569123646514	1	4.0	0.0	2	301.0	4.0
child_0-0	46	67082	NC_032111.1	BeAn 58058 virus strain=BeAn58058	True	False	NC_032111.1	0.0408576424036072	22.41077441077441	0.1846569123646514	1	4.0	0.0	2	301.0	4.0
child_0-0	46	1112597	NC_038271.1	Bat Paramyxovirus Epo_spe/AR1/DRC/2009	True	False	total	16.007348159708673	93.97627248373516	18.780075432435947	20	2.0	6.033997391340813e-41	21	2888.0	2.0
child_0-0	46	1112597	NC_038271.1	Bat Paramyxovirus Epo_spe/AR1/DRC/2009	True	False	NC_038271.1	16.007348159708673	93.97627248373516	18.780075432435947	20	2.0	6.033997391340813e-41	21	2888.0	2.0
child_0-0	46	2560602	NC_002200.1	Mumps orthorubulavirus strain=Miyahara	True	False	total	432.7022230889236	440.7783737253344	98.58944357774313	4	1.5	3.029856599928581e-83	6	15167.0	1.5
child_0-0	46	2560602	NC_002200.1	Mumps orthorubulavirus strain=Miyahara	True	False	NC_002200.1	432.7022230889236	440.7783737253344	98.58944357774313	4	1.5	3.029856599928581e-83	6	15167.0	1.5
